Data As Of,Jurisdiction,Group,Subgroup,Year of Death,Month of Death,Time Period,Month Ending Date,Maternal Deaths,Live Births,Maternal Mortality Rate,Footnote
1/7/24,United States,Total,Total,2019,1,12 month-ending,1/31/19,660,3787776,17.4,
1/7/24,United States,Total,Total,2019,2,12 month-ending,2/28/19,653,3783489,17.3,
1/7/24,United States,Total,Total,2019,3,12 month-ending,3/31/19,657,3771682,17.4,
1/7/24,United States,Total,Total,2019,4,12 month-ending,4/30/19,668,3772235,17.7,
1/7/24,United States,Total,Total,2019,5,12 month-ending,5/31/19,706,3767999,18.7,
1/7/24,United States,Total,Total,2019,6,12 month-ending,6/30/19,720,3757275,19.2,
1/7/24,United States,Total,Total,2019,7,12 month-ending,7/31/19,721,3761912,19.2,
1/7/24,United States,Total,Total,2019,8,12 month-ending,8/31/19,723,3758847,19.2,
1/7/24,United States,Total,Total,2019,9,12 month-ending,9/30/19,729,3761856,19.4,
1/7/24,United States,Total,Total,2019,10,12 month-ending,10/31/19,739,3760121,19.7,
1/7/24,United States,Total,Total,2019,11,12 month-ending,11/30/19,752,3749504,20.1,
1/7/24,United States,Total,Total,2019,12,12 month-ending,12/31/19,754,3747540,20.1,
1/7/24,United States,Total,Total,2020,1,12 month-ending,1/31/20,740,3741390,19.8,
1/7/24,United States,Total,Total,2020,2,12 month-ending,2/29/20,740,3744081,19.8,
1/7/24,United States,Total,Total,2020,3,12 month-ending,3/31/20,751,3741469,20.1,
1/7/24,United States,Total,Total,2020,4,12 month-ending,4/30/20,767,3733000,20.5,
1/7/24,United States,Total,Total,2020,5,12 month-ending,5/31/20,763,3718095,20.5,
1/7/24,United States,Total,Total,2020,6,12 month-ending,6/30/20,774,3716167,20.8,
1/7/24,United States,Total,Total,2020,7,12 month-ending,7/31/20,793,3704158,21.4,
1/7/24,United States,Total,Total,2020,8,12 month-ending,8/31/20,803,3682094,21.8,
1/7/24,United States,Total,Total,2020,9,12 month-ending,9/30/20,831,3668018,22.7,
1/7/24,United States,Total,Total,2020,10,12 month-ending,10/31/20,843,3648060,23.1,
1/7/24,United States,Total,Total,2020,11,12 month-ending,11/30/20,837,3632571,23,
1/7/24,United States,Total,Total,2020,12,12 month-ending,12/31/20,861,3613647,23.8,
1/7/24,United States,Total,Total,2021,1,12 month-ending,1/31/21,893,3586097,24.9,
1/7/24,United States,Total,Total,2021,2,12 month-ending,2/28/21,899,3569798,25.2,
1/7/24,United States,Total,Total,2021,3,12 month-ending,3/31/21,894,3570865,25,
1/7/24,United States,Total,Total,2021,4,12 month-ending,4/30/21,899,3573595,25.2,
1/7/24,United States,Total,Total,2021,5,12 month-ending,5/31/21,911,3573026,25.5,
1/7/24,United States,Total,Total,2021,6,12 month-ending,6/30/21,904,3584459,25.2,
1/7/24,United States,Total,Total,2021,7,12 month-ending,7/31/21,908,3588939,25.3,
1/7/24,United States,Total,Total,2021,8,12 month-ending,8/31/21,987,3599589,27.4,
1/7/24,United States,Total,Total,2021,9,12 month-ending,9/30/21,1083,3613622,30,
1/7/24,United States,Total,Total,2021,10,12 month-ending,10/31/21,1131,3623951,31.2,
1/7/24,United States,Total,Total,2021,11,12 month-ending,11/30/21,1157,3643084,31.8,
1/7/24,United States,Total,Total,2021,12,12 month-ending,12/31/21,1205,3664292,32.9,
1/7/24,United States,Total,Total,2022,1,12 month-ending,1/31/22,1236,3681963,33.6,
1/7/24,United States,Total,Total,2022,2,12 month-ending,2/28/22,1249,3691335,33.8,
1/7/24,United States,Total,Total,2022,3,12 month-ending,3/31/22,1231,3696102,33.3,
1/7/24,United States,Total,Total,2022,4,12 month-ending,4/30/22,1200,3691554,32.5,
1/7/24,United States,Total,Total,2022,5,12 month-ending,5/31/22,1171,3688218,31.7,
1/7/24,United States,Total,Total,2022,6,12 month-ending,6/30/22,1180,3680380,32.1,
1/7/24,United States,Total,Total,2022,7,12 month-ending,7/31/22,1165,3675085,31.7,
1/7/24,United States,Total,Total,2022,8,12 month-ending,8/31/22,1067,3680726,29,
1/7/24,United States,Total,Total,2022,9,12 month-ending,9/30/22,943,3667221,25.7,
1/7/24,United States,Total,Total,2022,10,12 month-ending,10/31/22,895,3658612,24.5,
1/7/24,United States,Total,Total,2022,11,12 month-ending,11/30/22,871,3664030,23.8,
1/7/24,United States,Total,Total,2022,12,12 month-ending,12/31/22,818,3667758,22.3,
1/7/24,United States,Total,Total,2023,1,12 month-ending,1/31/23,768,3672306,20.9,
1/7/24,United States,Total,Total,2023,2,12 month-ending,2/28/23,760,3667316,20.7,
1/7/24,United States,Total,Total,2023,3,12 month-ending,3/31/23,769,3659080,21,
1/7/24,United States,Total,Total,2023,4,12 month-ending,4/30/23,775,3648876,21.2,
1/7/24,United States,Total,Total,2023,5,12 month-ending,5/31/23,752,3650610,20.6,
1/7/24,United States,Total,Total,2023,6,12 month-ending,6/30/23,734,3647949,20.1,
1/7/24,United States,Total,Total,2023,7,12 month-ending,7/31/23,729,3638401,20,
1/7/24,United States,Total,Total,2023,8,12 month-ending,8/31/23,716,3624383,19.8,
1/7/24,United States,Total,Total,2023,9,12 month-ending,9/30/23,733,3617041,20.3,
1/7/24,United States,Age,Under 25 years,2019,1,12 month-ending,1/31/19,98,904573,10.8,
1/7/24,United States,Age,Under 25 years,2019,2,12 month-ending,2/28/19,103,901429,11.4,
1/7/24,United States,Age,Under 25 years,2019,3,12 month-ending,3/31/19,101,896332,11.3,
1/7/24,United States,Age,Under 25 years,2019,4,12 month-ending,4/30/19,107,894830,12,
1/7/24,United States,Age,Under 25 years,2019,5,12 month-ending,5/31/19,113,892029,12.7,
1/7/24,United States,Age,Under 25 years,2019,6,12 month-ending,6/30/19,116,887707,13.1,
1/7/24,United States,Age,Under 25 years,2019,7,12 month-ending,7/31/19,117,886531,13.2,
1/7/24,United States,Age,Under 25 years,2019,8,12 month-ending,8/31/19,113,885087,12.8,
1/7/24,United States,Age,Under 25 years,2019,9,12 month-ending,9/30/19,117,884871,13.2,
1/7/24,United States,Age,Under 25 years,2019,10,12 month-ending,10/31/19,112,883679,12.7,
1/7/24,United States,Age,Under 25 years,2019,11,12 month-ending,11/30/19,112,879538,12.7,
1/7/24,United States,Age,Under 25 years,2019,12,12 month-ending,12/31/19,111,877803,12.6,
1/7/24,United States,Age,Under 25 years,2020,1,12 month-ending,1/31/20,113,874203,12.9,
1/7/24,United States,Age,Under 25 years,2020,2,12 month-ending,2/29/20,112,873116,12.8,
1/7/24,United States,Age,Under 25 years,2020,3,12 month-ending,3/31/20,112,870491,12.9,
1/7/24,United States,Age,Under 25 years,2020,4,12 month-ending,4/30/20,106,866834,12.2,
1/7/24,United States,Age,Under 25 years,2020,5,12 month-ending,5/31/20,109,861548,12.7,
1/7/24,United States,Age,Under 25 years,2020,6,12 month-ending,6/30/20,110,859268,12.8,
1/7/24,United States,Age,Under 25 years,2020,7,12 month-ending,7/31/20,103,854800,12,
1/7/24,United States,Age,Under 25 years,2020,8,12 month-ending,8/31/20,106,847356,12.5,
1/7/24,United States,Age,Under 25 years,2020,9,12 month-ending,9/30/20,105,841843,12.5,
1/7/24,United States,Age,Under 25 years,2020,10,12 month-ending,10/31/20,113,834920,13.5,
1/7/24,United States,Age,Under 25 years,2020,11,12 month-ending,11/30/20,109,830203,13.1,
1/7/24,United States,Age,Under 25 years,2020,12,12 month-ending,12/31/20,114,825403,13.8,
1/7/24,United States,Age,Under 25 years,2021,1,12 month-ending,1/31/21,111,817226,13.6,
1/7/24,United States,Age,Under 25 years,2021,2,12 month-ending,2/28/21,110,810971,13.6,
1/7/24,United States,Age,Under 25 years,2021,3,12 month-ending,3/31/21,116,808359,14.4,
1/7/24,United States,Age,Under 25 years,2021,4,12 month-ending,4/30/21,120,806054,14.9,
1/7/24,United States,Age,Under 25 years,2021,5,12 month-ending,5/31/21,118,803650,14.7,
1/7/24,United States,Age,Under 25 years,2021,6,12 month-ending,6/30/21,123,802875,15.3,
1/7/24,United States,Age,Under 25 years,2021,7,12 month-ending,7/31/21,124,801130,15.5,
1/7/24,United States,Age,Under 25 years,2021,8,12 month-ending,8/31/21,133,799063,16.6,
1/7/24,United States,Age,Under 25 years,2021,9,12 month-ending,9/30/21,142,798684,17.8,
1/7/24,United States,Age,Under 25 years,2021,10,12 month-ending,10/31/21,144,797996,18,
1/7/24,United States,Age,Under 25 years,2021,11,12 month-ending,11/30/21,154,797869,19.3,
1/7/24,United States,Age,Under 25 years,2021,12,12 month-ending,12/31/21,163,797334,20.4,
1/7/24,United States,Age,Under 25 years,2022,1,12 month-ending,1/31/22,168,798499,21,
1/7/24,United States,Age,Under 25 years,2022,2,12 month-ending,2/28/22,171,798098,21.4,
1/7/24,United States,Age,Under 25 years,2022,3,12 month-ending,3/31/22,165,797251,20.7,
1/7/24,United States,Age,Under 25 years,2022,4,12 month-ending,4/30/22,162,794713,20.4,
1/7/24,United States,Age,Under 25 years,2022,5,12 month-ending,5/31/22,158,792215,19.9,
1/7/24,United States,Age,Under 25 years,2022,6,12 month-ending,6/30/22,156,789969,19.7,
1/7/24,United States,Age,Under 25 years,2022,7,12 month-ending,7/31/22,160,788220,20.3,
1/7/24,United States,Age,Under 25 years,2022,8,12 month-ending,8/31/22,150,789397,19,
1/7/24,United States,Age,Under 25 years,2022,9,12 month-ending,9/30/22,139,785548,17.7,
1/7/24,United States,Age,Under 25 years,2022,10,12 month-ending,10/31/22,131,782613,16.7,
1/7/24,United States,Age,Under 25 years,2022,11,12 month-ending,11/30/22,123,783891,15.7,
1/7/24,United States,Age,Under 25 years,2022,12,12 month-ending,12/31/22,113,784299,14.4,
1/7/24,United States,Age,Under 25 years,2023,1,12 month-ending,1/31/23,106,785159,13.5,
1/7/24,United States,Age,Under 25 years,2023,2,12 month-ending,2/28/23,99,784296,12.6,
1/7/24,United States,Age,Under 25 years,2023,3,12 month-ending,3/31/23,103,783255,13.2,
1/7/24,United States,Age,Under 25 years,2023,4,12 month-ending,4/30/23,101,780720,12.9,
1/7/24,United States,Age,Under 25 years,2023,5,12 month-ending,5/31/23,99,781049,12.7,
1/7/24,United States,Age,Under 25 years,2023,6,12 month-ending,6/30/23,94,779362,12.1,
1/7/24,United States,Age,Under 25 years,2023,7,12 month-ending,7/31/23,95,775767,12.2,
1/7/24,United States,Age,Under 25 years,2023,8,12 month-ending,8/31/23,90,770960,11.7,
1/7/24,United States,Age,Under 25 years,2023,9,12 month-ending,9/30/23,92,767697,12,
1/7/24,United States,Age,25-39 years,2019,1,12 month-ending,1/31/19,461,2756117,16.7,
1/7/24,United States,Age,25-39 years,2019,2,12 month-ending,2/28/19,453,2754668,16.4,
1/7/24,United States,Age,25-39 years,2019,3,12 month-ending,3/31/19,464,2748124,16.9,
1/7/24,United States,Age,25-39 years,2019,4,12 month-ending,4/30/19,469,2749841,17.1,
1/7/24,United States,Age,25-39 years,2019,5,12 month-ending,5/31/19,500,2748198,18.2,
1/7/24,United States,Age,25-39 years,2019,6,12 month-ending,6/30/19,511,2741991,18.6,
1/7/24,United States,Age,25-39 years,2019,7,12 month-ending,7/31/19,510,2747133,18.6,
1/7/24,United States,Age,25-39 years,2019,8,12 month-ending,8/31/19,516,2745464,18.8,
1/7/24,United States,Age,25-39 years,2019,9,12 month-ending,9/30/19,514,2748154,18.7,
1/7/24,United States,Age,25-39 years,2019,10,12 month-ending,10/31/19,528,2747188,19.2,
1/7/24,United States,Age,25-39 years,2019,11,12 month-ending,11/30/19,547,2740604,20,
1/7/24,United States,Age,25-39 years,2019,12,12 month-ending,12/31/19,544,2739976,19.9,
1/7/24,United States,Age,25-39 years,2020,1,12 month-ending,1/31/20,528,2737166,19.3,
1/7/24,United States,Age,25-39 years,2020,2,12 month-ending,2/29/20,531,2740252,19.4,
1/7/24,United States,Age,25-39 years,2020,3,12 month-ending,3/31/20,541,2739769,19.7,
1/7/24,United States,Age,25-39 years,2020,4,12 month-ending,4/30/20,558,2734758,20.4,
1/7/24,United States,Age,25-39 years,2020,5,12 month-ending,5/31/20,549,2725270,20.1,
1/7/24,United States,Age,25-39 years,2020,6,12 month-ending,6/30/20,554,2724871,20.3,
1/7/24,United States,Age,25-39 years,2020,7,12 month-ending,7/31/20,574,2717268,21.1,
1/7/24,United States,Age,25-39 years,2020,8,12 month-ending,8/31/20,581,2703022,21.5,
1/7/24,United States,Age,25-39 years,2020,9,12 month-ending,9/30/20,602,2694515,22.3,
1/7/24,United States,Age,25-39 years,2020,10,12 month-ending,10/31/20,607,2681542,22.6,
1/7/24,United States,Age,25-39 years,2020,11,12 month-ending,11/30/20,592,2671162,22.2,
1/7/24,United States,Age,25-39 years,2020,12,12 month-ending,12/31/20,607,2658445,22.8,
1/7/24,United States,Age,25-39 years,2021,1,12 month-ending,1/31/21,635,2640885,24,
1/7/24,United States,Age,25-39 years,2021,2,12 month-ending,2/28/21,635,2631550,24.1,
1/7/24,United States,Age,25-39 years,2021,3,12 month-ending,3/31/21,632,2635016,24,
1/7/24,United States,Age,25-39 years,2021,4,12 month-ending,4/30/21,625,2639627,23.7,
1/7/24,United States,Age,25-39 years,2021,5,12 month-ending,5/31/21,633,2641273,24,
1/7/24,United States,Age,25-39 years,2021,6,12 month-ending,6/30/21,625,2652817,23.6,
1/7/24,United States,Age,25-39 years,2021,7,12 month-ending,7/31/21,628,2658310,23.6,
1/7/24,United States,Age,25-39 years,2021,8,12 month-ending,8/31/21,686,2670107,25.7,
1/7/24,United States,Age,25-39 years,2021,9,12 month-ending,9/30/21,763,2683809,28.4,
1/7/24,United States,Age,25-39 years,2021,10,12 month-ending,10/31/21,800,2694181,29.7,
1/7/24,United States,Age,25-39 years,2021,11,12 month-ending,11/30/21,822,2711989,30.3,
1/7/24,United States,Age,25-39 years,2021,12,12 month-ending,12/31/21,854,2731223,31.3,
1/7/24,United States,Age,25-39 years,2022,1,12 month-ending,1/31/22,877,2745469,31.9,
1/7/24,United States,Age,25-39 years,2022,2,12 month-ending,2/28/22,886,2753946,32.2,
1/7/24,United States,Age,25-39 years,2022,3,12 month-ending,3/31/22,871,2758457,31.6,
1/7/24,United States,Age,25-39 years,2022,4,12 month-ending,4/30/22,856,2756011,31.1,
1/7/24,United States,Age,25-39 years,2022,5,12 month-ending,5/31/22,835,2754395,30.3,
1/7/24,United States,Age,25-39 years,2022,6,12 month-ending,6/30/22,842,2748591,30.6,
1/7/24,United States,Age,25-39 years,2022,7,12 month-ending,7/31/22,823,2744647,30,
1/7/24,United States,Age,25-39 years,2022,8,12 month-ending,8/31/22,750,2748484,27.3,
1/7/24,United States,Age,25-39 years,2022,9,12 month-ending,9/30/22,651,2738600,23.8,
1/7/24,United States,Age,25-39 years,2022,10,12 month-ending,10/31/22,617,2732726,22.6,
1/7/24,United States,Age,25-39 years,2022,11,12 month-ending,11/30/22,608,2735974,22.2,
1/7/24,United States,Age,25-39 years,2022,12,12 month-ending,12/31/22,579,2738802,21.1,
1/7/24,United States,Age,25-39 years,2023,1,12 month-ending,1/31/23,547,2741749,20,
1/7/24,United States,Age,25-39 years,2023,2,12 month-ending,2/28/23,548,2737512,20,
1/7/24,United States,Age,25-39 years,2023,3,12 month-ending,3/31/23,555,2730414,20.3,
1/7/24,United States,Age,25-39 years,2023,4,12 month-ending,4/30/23,566,2722690,20.8,
1/7/24,United States,Age,25-39 years,2023,5,12 month-ending,5/31/23,550,2723544,20.2,
1/7/24,United States,Age,25-39 years,2023,6,12 month-ending,6/30/23,540,2722108,19.8,
1/7/24,United States,Age,25-39 years,2023,7,12 month-ending,7/31/23,538,2716225,19.8,
1/7/24,United States,Age,25-39 years,2023,8,12 month-ending,8/31/23,527,2706844,19.5,
1/7/24,United States,Age,25-39 years,2023,9,12 month-ending,9/30/23,541,2702568,20,
1/7/24,United States,Age,40 years and over,2019,1,12 month-ending,1/31/19,101,127086,79.5,
1/7/24,United States,Age,40 years and over,2019,2,12 month-ending,2/28/19,97,127392,76.1,
1/7/24,United States,Age,40 years and over,2019,3,12 month-ending,3/31/19,92,127226,72.3,
1/7/24,United States,Age,40 years and over,2019,4,12 month-ending,4/30/19,92,127564,72.1,
1/7/24,United States,Age,40 years and over,2019,5,12 month-ending,5/31/19,93,127772,72.8,
1/7/24,United States,Age,40 years and over,2019,6,12 month-ending,6/30/19,93,127577,72.9,
1/7/24,United States,Age,40 years and over,2019,7,12 month-ending,7/31/19,93,128248,72.5,
1/7/24,United States,Age,40 years and over,2019,8,12 month-ending,8/31/19,93,128296,72.5,
1/7/24,United States,Age,40 years and over,2019,9,12 month-ending,9/30/19,97,128831,75.3,
1/7/24,United States,Age,40 years and over,2019,10,12 month-ending,10/31/19,98,129254,75.8,
1/7/24,United States,Age,40 years and over,2019,11,12 month-ending,11/30/19,92,129362,71.1,
1/7/24,United States,Age,40 years and over,2019,12,12 month-ending,12/31/19,98,129761,75.5,
1/7/24,United States,Age,40 years and over,2020,1,12 month-ending,1/31/20,98,130021,75.4,
1/7/24,United States,Age,40 years and over,2020,2,12 month-ending,2/29/20,96,130713,73.4,
1/7/24,United States,Age,40 years and over,2020,3,12 month-ending,3/31/20,97,131209,73.9,
1/7/24,United States,Age,40 years and over,2020,4,12 month-ending,4/30/20,102,131408,77.6,
1/7/24,United States,Age,40 years and over,2020,5,12 month-ending,5/31/20,104,131277,79.2,
1/7/24,United States,Age,40 years and over,2020,6,12 month-ending,6/30/20,109,132028,82.6,
1/7/24,United States,Age,40 years and over,2020,7,12 month-ending,7/31/20,116,132090,87.8,
1/7/24,United States,Age,40 years and over,2020,8,12 month-ending,8/31/20,116,131716,88.1,
1/7/24,United States,Age,40 years and over,2020,9,12 month-ending,9/30/20,124,131660,94.2,
1/7/24,United States,Age,40 years and over,2020,10,12 month-ending,10/31/20,123,131598,93.5,
1/7/24,United States,Age,40 years and over,2020,11,12 month-ending,11/30/20,136,131206,103.7,
1/7/24,United States,Age,40 years and over,2020,12,12 month-ending,12/31/20,140,129799,107.9,
1/7/24,United States,Age,40 years and over,2021,1,12 month-ending,1/31/21,147,127986,114.9,
1/7/24,United States,Age,40 years and over,2021,2,12 month-ending,2/28/21,154,127277,121,
1/7/24,United States,Age,40 years and over,2021,3,12 month-ending,3/31/21,146,127490,114.5,
1/7/24,United States,Age,40 years and over,2021,4,12 month-ending,4/30/21,154,127914,120.4,
1/7/24,United States,Age,40 years and over,2021,5,12 month-ending,5/31/21,160,128103,124.9,
1/7/24,United States,Age,40 years and over,2021,6,12 month-ending,6/30/21,156,128767,121.1,
1/7/24,United States,Age,40 years and over,2021,7,12 month-ending,7/31/21,156,129499,120.5,
1/7/24,United States,Age,40 years and over,2021,8,12 month-ending,8/31/21,168,130419,128.8,
1/7/24,United States,Age,40 years and over,2021,9,12 month-ending,9/30/21,178,131129,135.7,
1/7/24,United States,Age,40 years and over,2021,10,12 month-ending,10/31/21,187,131774,141.9,
1/7/24,United States,Age,40 years and over,2021,11,12 month-ending,11/30/21,181,133226,135.9,
1/7/24,United States,Age,40 years and over,2021,12,12 month-ending,12/31/21,188,135735,138.5,
1/7/24,United States,Age,40 years and over,2022,1,12 month-ending,1/31/22,191,137995,138.4,
1/7/24,United States,Age,40 years and over,2022,2,12 month-ending,2/28/22,192,139291,137.8,
1/7/24,United States,Age,40 years and over,2022,3,12 month-ending,3/31/22,195,140394,138.9,
1/7/24,United States,Age,40 years and over,2022,4,12 month-ending,4/30/22,182,140830,129.2,
1/7/24,United States,Age,40 years and over,2022,5,12 month-ending,5/31/22,178,141608,125.7,
1/7/24,United States,Age,40 years and over,2022,6,12 month-ending,6/30/22,182,141820,128.3,
1/7/24,United States,Age,40 years and over,2022,7,12 month-ending,7/31/22,182,142218,128,
1/7/24,United States,Age,40 years and over,2022,8,12 month-ending,8/31/22,167,142845,116.9,
1/7/24,United States,Age,40 years and over,2022,9,12 month-ending,9/30/22,153,143073,106.9,
1/7/24,United States,Age,40 years and over,2022,10,12 month-ending,10/31/22,147,143273,102.6,
1/7/24,United States,Age,40 years and over,2022,11,12 month-ending,11/30/22,140,144165,97.1,
1/7/24,United States,Age,40 years and over,2022,12,12 month-ending,12/31/22,126,144657,87.1,
1/7/24,United States,Age,40 years and over,2023,1,12 month-ending,1/31/23,115,145398,79.1,
1/7/24,United States,Age,40 years and over,2023,2,12 month-ending,2/28/23,113,145508,77.7,
1/7/24,United States,Age,40 years and over,2023,3,12 month-ending,3/31/23,111,145411,76.3,
1/7/24,United States,Age,40 years and over,2023,4,12 month-ending,4/30/23,108,145466,74.2,
1/7/24,United States,Age,40 years and over,2023,5,12 month-ending,5/31/23,103,146017,70.5,
1/7/24,United States,Age,40 years and over,2023,6,12 month-ending,6/30/23,100,146479,68.3,
1/7/24,United States,Age,40 years and over,2023,7,12 month-ending,7/31/23,96,146409,65.6,
1/7/24,United States,Age,40 years and over,2023,8,12 month-ending,8/31/23,99,146579,67.5,
1/7/24,United States,Age,40 years and over,2023,9,12 month-ending,9/30/23,100,146776,68.1,
1/7/24,United States,Race and Hispanic origin,Hispanic,2019,1,12 month-ending,1/31/19,90,885705,10.2,
1/7/24,United States,Race and Hispanic origin,Hispanic,2019,2,12 month-ending,2/28/19,90,885333,10.2,
1/7/24,United States,Race and Hispanic origin,Hispanic,2019,3,12 month-ending,3/31/19,89,883687,10.1,
1/7/24,United States,Race and Hispanic origin,Hispanic,2019,4,12 month-ending,4/30/19,96,884928,10.8,
1/7/24,United States,Race and Hispanic origin,Hispanic,2019,5,12 month-ending,5/31/19,103,884930,11.6,
1/7/24,United States,Race and Hispanic origin,Hispanic,2019,6,12 month-ending,6/30/19,105,883801,11.9,
1/7/24,United States,Race and Hispanic origin,Hispanic,2019,7,12 month-ending,7/31/19,100,885160,11.3,
1/7/24,United States,Race and Hispanic origin,Hispanic,2019,8,12 month-ending,8/31/19,100,885671,11.3,
1/7/24,United States,Race and Hispanic origin,Hispanic,2019,9,12 month-ending,9/30/19,96,887617,10.8,
1/7/24,United States,Race and Hispanic origin,Hispanic,2019,10,12 month-ending,10/31/19,103,888275,11.6,
1/7/24,United States,Race and Hispanic origin,Hispanic,2019,11,12 month-ending,11/30/19,109,886231,12.3,
1/7/24,United States,Race and Hispanic origin,Hispanic,2019,12,12 month-ending,12/31/19,112,886467,12.6,
1/7/24,United States,Race and Hispanic origin,Hispanic,2020,1,12 month-ending,1/31/20,110,886326,12.4,
1/7/24,United States,Race and Hispanic origin,Hispanic,2020,2,12 month-ending,2/29/20,114,888125,12.8,
1/7/24,United States,Race and Hispanic origin,Hispanic,2020,3,12 month-ending,3/31/20,115,888044,12.9,
1/7/24,United States,Race and Hispanic origin,Hispanic,2020,4,12 month-ending,4/30/20,120,887527,13.5,
1/7/24,United States,Race and Hispanic origin,Hispanic,2020,5,12 month-ending,5/31/20,118,884865,13.3,
1/7/24,United States,Race and Hispanic origin,Hispanic,2020,6,12 month-ending,6/30/20,123,885039,13.9,
1/7/24,United States,Race and Hispanic origin,Hispanic,2020,7,12 month-ending,7/31/20,136,883239,15.4,
1/7/24,United States,Race and Hispanic origin,Hispanic,2020,8,12 month-ending,8/31/20,142,878704,16.2,
1/7/24,United States,Race and Hispanic origin,Hispanic,2020,9,12 month-ending,9/30/20,148,876283,16.9,
1/7/24,United States,Race and Hispanic origin,Hispanic,2020,10,12 month-ending,10/31/20,153,872928,17.5,
1/7/24,United States,Race and Hispanic origin,Hispanic,2020,11,12 month-ending,11/30/20,150,871249,17.2,
1/7/24,United States,Race and Hispanic origin,Hispanic,2020,12,12 month-ending,12/31/20,158,866713,18.2,
1/7/24,United States,Race and Hispanic origin,Hispanic,2021,1,12 month-ending,1/31/21,177,858833,20.6,
1/7/24,United States,Race and Hispanic origin,Hispanic,2021,2,12 month-ending,2/28/21,180,853365,21.1,
1/7/24,United States,Race and Hispanic origin,Hispanic,2021,3,12 month-ending,3/31/21,186,853143,21.8,
1/7/24,United States,Race and Hispanic origin,Hispanic,2021,4,12 month-ending,4/30/21,179,853483,21,
1/7/24,United States,Race and Hispanic origin,Hispanic,2021,5,12 month-ending,5/31/21,179,854389,21,
1/7/24,United States,Race and Hispanic origin,Hispanic,2021,6,12 month-ending,6/30/21,174,856973,20.3,
1/7/24,United States,Race and Hispanic origin,Hispanic,2021,7,12 month-ending,7/31/21,172,858586,20,
1/7/24,United States,Race and Hispanic origin,Hispanic,2021,8,12 month-ending,8/31/21,191,861675,22.2,
1/7/24,United States,Race and Hispanic origin,Hispanic,2021,9,12 month-ending,9/30/21,216,866414,24.9,
1/7/24,United States,Race and Hispanic origin,Hispanic,2021,10,12 month-ending,10/31/21,230,870471,26.4,
1/7/24,United States,Race and Hispanic origin,Hispanic,2021,11,12 month-ending,11/30/21,250,876537,28.5,
1/7/24,United States,Race and Hispanic origin,Hispanic,2021,12,12 month-ending,12/31/21,248,885916,28,
1/7/24,United States,Race and Hispanic origin,Hispanic,2022,1,12 month-ending,1/31/22,251,896321,28,
1/7/24,United States,Race and Hispanic origin,Hispanic,2022,2,12 month-ending,2/28/22,248,903407,27.5,
1/7/24,United States,Race and Hispanic origin,Hispanic,2022,3,12 month-ending,3/31/22,245,909698,26.9,
1/7/24,United States,Race and Hispanic origin,Hispanic,2022,4,12 month-ending,4/30/22,242,912392,26.5,
1/7/24,United States,Race and Hispanic origin,Hispanic,2022,5,12 month-ending,5/31/22,240,915616,26.2,
1/7/24,United States,Race and Hispanic origin,Hispanic,2022,6,12 month-ending,6/30/22,245,918568,26.7,
1/7/24,United States,Race and Hispanic origin,Hispanic,2022,7,12 month-ending,7/31/22,240,922141,26,
1/7/24,United States,Race and Hispanic origin,Hispanic,2022,8,12 month-ending,8/31/22,216,928342,23.3,
1/7/24,United States,Race and Hispanic origin,Hispanic,2022,9,12 month-ending,9/30/22,185,928585,19.9,
1/7/24,United States,Race and Hispanic origin,Hispanic,2022,10,12 month-ending,10/31/22,169,930032,18.2,
1/7/24,United States,Race and Hispanic origin,Hispanic,2022,11,12 month-ending,11/30/22,156,934331,16.7,
1/7/24,United States,Race and Hispanic origin,Hispanic,2022,12,12 month-ending,12/31/22,159,937421,17,
1/7/24,United States,Race and Hispanic origin,Hispanic,2023,1,12 month-ending,1/31/23,145,939655,15.4,
1/7/24,United States,Race and Hispanic origin,Hispanic,2023,2,12 month-ending,2/28/23,143,940515,15.2,
1/7/24,United States,Race and Hispanic origin,Hispanic,2023,3,12 month-ending,3/31/23,139,940421,14.8,
1/7/24,United States,Race and Hispanic origin,Hispanic,2023,4,12 month-ending,4/30/23,142,940405,15.1,
1/7/24,United States,Race and Hispanic origin,Hispanic,2023,5,12 month-ending,5/31/23,133,943003,14.1,
1/7/24,United States,Race and Hispanic origin,Hispanic,2023,6,12 month-ending,6/30/23,127,943917,13.5,
1/7/24,United States,Race and Hispanic origin,Hispanic,2023,7,12 month-ending,7/31/23,125,943419,13.2,
1/7/24,United States,Race and Hispanic origin,Hispanic,2023,8,12 month-ending,8/31/23,125,942290,13.3,
1/7/24,United States,Race and Hispanic origin,Hispanic,2023,9,12 month-ending,9/30/23,135,943251,14.3,
1/7/24,United States,Race and Hispanic origin,"American Indian or Alaska Native, Non-Hispanic",2019,1,12 month-ending,1/31/19,,29190,,Data counts between 1-9 have been suppressed in accordance with NCHS confidentiality standards.
1/7/24,United States,Race and Hispanic origin,"American Indian or Alaska Native, Non-Hispanic",2019,2,12 month-ending,2/28/19,,29142,,Data counts between 1-9 have been suppressed in accordance with NCHS confidentiality standards.
1/7/24,United States,Race and Hispanic origin,"American Indian or Alaska Native, Non-Hispanic",2019,3,12 month-ending,3/31/19,,29020,,Data counts between 1-9 have been suppressed in accordance with NCHS confidentiality standards.
1/7/24,United States,Race and Hispanic origin,"American Indian or Alaska Native, Non-Hispanic",2019,4,12 month-ending,4/30/19,,29173,,Data counts between 1-9 have been suppressed in accordance with NCHS confidentiality standards.
1/7/24,United States,Race and Hispanic origin,"American Indian or Alaska Native, Non-Hispanic",2019,5,12 month-ending,5/31/19,12,29194,,Rates for deaths counts <20 are unreliable.
1/7/24,United States,Race and Hispanic origin,"American Indian or Alaska Native, Non-Hispanic",2019,6,12 month-ending,6/30/19,11,29067,,Rates for deaths counts <20 are unreliable.
1/7/24,United States,Race and Hispanic origin,"American Indian or Alaska Native, Non-Hispanic",2019,7,12 month-ending,7/31/19,12,28996,,Rates for deaths counts <20 are unreliable.
1/7/24,United States,Race and Hispanic origin,"American Indian or Alaska Native, Non-Hispanic",2019,8,12 month-ending,8/31/19,14,28777,,Rates for deaths counts <20 are unreliable.
1/7/24,United States,Race and Hispanic origin,"American Indian or Alaska Native, Non-Hispanic",2019,9,12 month-ending,9/30/19,16,28807,,Rates for deaths counts <20 are unreliable.
1/7/24,United States,Race and Hispanic origin,"American Indian or Alaska Native, Non-Hispanic",2019,10,12 month-ending,10/31/19,15,28680,,Rates for deaths counts <20 are unreliable.
1/7/24,United States,Race and Hispanic origin,"American Indian or Alaska Native, Non-Hispanic",2019,11,12 month-ending,11/30/19,14,28472,,Rates for deaths counts <20 are unreliable.
1/7/24,United States,Race and Hispanic origin,"American Indian or Alaska Native, Non-Hispanic",2019,12,12 month-ending,12/31/19,14,28450,,Rates for deaths counts <20 are unreliable.
1/7/24,United States,Race and Hispanic origin,"American Indian or Alaska Native, Non-Hispanic",2020,1,12 month-ending,1/31/20,14,28217,,Rates for deaths counts <20 are unreliable.
1/7/24,United States,Race and Hispanic origin,"American Indian or Alaska Native, Non-Hispanic",2020,2,12 month-ending,2/29/20,14,28083,,Rates for deaths counts <20 are unreliable.
1/7/24,United States,Race and Hispanic origin,"American Indian or Alaska Native, Non-Hispanic",2020,3,12 month-ending,3/31/20,15,27964,,Rates for deaths counts <20 are unreliable.
1/7/24,United States,Race and Hispanic origin,"American Indian or Alaska Native, Non-Hispanic",2020,4,12 month-ending,4/30/20,16,27866,,Rates for deaths counts <20 are unreliable.
1/7/24,United States,Race and Hispanic origin,"American Indian or Alaska Native, Non-Hispanic",2020,5,12 month-ending,5/31/20,13,27724,,Rates for deaths counts <20 are unreliable.
1/7/24,United States,Race and Hispanic origin,"American Indian or Alaska Native, Non-Hispanic",2020,6,12 month-ending,6/30/20,15,27671,,Rates for deaths counts <20 are unreliable.
1/7/24,United States,Race and Hispanic origin,"American Indian or Alaska Native, Non-Hispanic",2020,7,12 month-ending,7/31/20,15,27570,,Rates for deaths counts <20 are unreliable.
1/7/24,United States,Race and Hispanic origin,"American Indian or Alaska Native, Non-Hispanic",2020,8,12 month-ending,8/31/20,13,27469,,Rates for deaths counts <20 are unreliable.
1/7/24,United States,Race and Hispanic origin,"American Indian or Alaska Native, Non-Hispanic",2020,9,12 month-ending,9/30/20,12,27338,,Rates for deaths counts <20 are unreliable.
1/7/24,United States,Race and Hispanic origin,"American Indian or Alaska Native, Non-Hispanic",2020,10,12 month-ending,10/31/20,12,27194,,Rates for deaths counts <20 are unreliable.
1/7/24,United States,Race and Hispanic origin,"American Indian or Alaska Native, Non-Hispanic",2020,11,12 month-ending,11/30/20,13,27029,,Rates for deaths counts <20 are unreliable.
1/7/24,United States,Race and Hispanic origin,"American Indian or Alaska Native, Non-Hispanic",2020,12,12 month-ending,12/31/20,13,26813,,Rates for deaths counts <20 are unreliable.
1/7/24,United States,Race and Hispanic origin,"American Indian or Alaska Native, Non-Hispanic",2021,1,12 month-ending,1/31/21,17,26657,,Rates for deaths counts <20 are unreliable.
1/7/24,United States,Race and Hispanic origin,"American Indian or Alaska Native, Non-Hispanic",2021,2,12 month-ending,2/28/21,18,26541,,Rates for deaths counts <20 are unreliable.
1/7/24,United States,Race and Hispanic origin,"American Indian or Alaska Native, Non-Hispanic",2021,3,12 month-ending,3/31/21,17,26512,,Rates for deaths counts <20 are unreliable.
1/7/24,United States,Race and Hispanic origin,"American Indian or Alaska Native, Non-Hispanic",2021,4,12 month-ending,4/30/21,16,26439,,Rates for deaths counts <20 are unreliable.
1/7/24,United States,Race and Hispanic origin,"American Indian or Alaska Native, Non-Hispanic",2021,5,12 month-ending,5/31/21,19,26247,,Rates for deaths counts <20 are unreliable.
1/7/24,United States,Race and Hispanic origin,"American Indian or Alaska Native, Non-Hispanic",2021,6,12 month-ending,6/30/21,18,26255,,Rates for deaths counts <20 are unreliable.
1/7/24,United States,Race and Hispanic origin,"American Indian or Alaska Native, Non-Hispanic",2021,7,12 month-ending,7/31/21,21,26182,80.2,
1/7/24,United States,Race and Hispanic origin,"American Indian or Alaska Native, Non-Hispanic",2021,8,12 month-ending,8/31/21,24,26075,92,
1/7/24,United States,Race and Hispanic origin,"American Indian or Alaska Native, Non-Hispanic",2021,9,12 month-ending,9/30/21,25,26078,95.9,
1/7/24,United States,Race and Hispanic origin,"American Indian or Alaska Native, Non-Hispanic",2021,10,12 month-ending,10/31/21,24,26068,92.1,
1/7/24,United States,Race and Hispanic origin,"American Indian or Alaska Native, Non-Hispanic",2021,11,12 month-ending,11/30/21,25,26101,95.8,
1/7/24,United States,Race and Hispanic origin,"American Indian or Alaska Native, Non-Hispanic",2021,12,12 month-ending,12/31/21,31,26124,118.7,
1/7/24,United States,Race and Hispanic origin,"American Indian or Alaska Native, Non-Hispanic",2022,1,12 month-ending,1/31/22,29,26168,110.8,
1/7/24,United States,Race and Hispanic origin,"American Indian or Alaska Native, Non-Hispanic",2022,2,12 month-ending,2/28/22,27,26173,103.2,
1/7/24,United States,Race and Hispanic origin,"American Indian or Alaska Native, Non-Hispanic",2022,3,12 month-ending,3/31/22,26,26170,99.4,
1/7/24,United States,Race and Hispanic origin,"American Indian or Alaska Native, Non-Hispanic",2022,4,12 month-ending,4/30/22,26,25945,100.2,
1/7/24,United States,Race and Hispanic origin,"American Indian or Alaska Native, Non-Hispanic",2022,5,12 month-ending,5/31/22,24,25971,92.4,
1/7/24,United States,Race and Hispanic origin,"American Indian or Alaska Native, Non-Hispanic",2022,6,12 month-ending,6/30/22,24,25858,92.8,
1/7/24,United States,Race and Hispanic origin,"American Indian or Alaska Native, Non-Hispanic",2022,7,12 month-ending,7/31/22,23,25812,89.1,
1/7/24,United States,Race and Hispanic origin,"American Indian or Alaska Native, Non-Hispanic",2022,8,12 month-ending,8/31/22,20,25776,77.6,
1/7/24,United States,Race and Hispanic origin,"American Indian or Alaska Native, Non-Hispanic",2022,9,12 month-ending,9/30/22,19,25593,,Rates for deaths counts <20 are unreliable.
1/7/24,United States,Race and Hispanic origin,"American Indian or Alaska Native, Non-Hispanic",2022,10,12 month-ending,10/31/22,19,25514,,Rates for deaths counts <20 are unreliable.
1/7/24,United States,Race and Hispanic origin,"American Indian or Alaska Native, Non-Hispanic",2022,11,12 month-ending,11/30/22,17,25659,,Rates for deaths counts <20 are unreliable.
1/7/24,United States,Race and Hispanic origin,"American Indian or Alaska Native, Non-Hispanic",2022,12,12 month-ending,12/31/22,12,25721,,Rates for deaths counts <20 are unreliable.
1/7/24,United States,Race and Hispanic origin,"American Indian or Alaska Native, Non-Hispanic",2023,1,12 month-ending,1/31/23,10,25768,,Rates for deaths counts <20 are unreliable.
1/7/24,United States,Race and Hispanic origin,"American Indian or Alaska Native, Non-Hispanic",2023,2,12 month-ending,2/28/23,10,25687,,Rates for deaths counts <20 are unreliable.
1/7/24,United States,Race and Hispanic origin,"American Indian or Alaska Native, Non-Hispanic",2023,3,12 month-ending,3/31/23,13,25573,,Rates for deaths counts <20 are unreliable.
1/7/24,United States,Race and Hispanic origin,"American Indian or Alaska Native, Non-Hispanic",2023,4,12 month-ending,4/30/23,13,25568,,Rates for deaths counts <20 are unreliable.
1/7/24,United States,Race and Hispanic origin,"American Indian or Alaska Native, Non-Hispanic",2023,5,12 month-ending,5/31/23,12,25503,,Rates for deaths counts <20 are unreliable.
1/7/24,United States,Race and Hispanic origin,"American Indian or Alaska Native, Non-Hispanic",2023,6,12 month-ending,6/30/23,13,25350,,Rates for deaths counts <20 are unreliable.
1/7/24,United States,Race and Hispanic origin,"American Indian or Alaska Native, Non-Hispanic",2023,7,12 month-ending,7/31/23,10,25178,,Rates for deaths counts <20 are unreliable.
1/7/24,United States,Race and Hispanic origin,"American Indian or Alaska Native, Non-Hispanic",2023,8,12 month-ending,8/31/23,,25002,,Data counts between 1-9 have been suppressed in accordance with NCHS confidentiality standards.
1/7/24,United States,Race and Hispanic origin,"American Indian or Alaska Native, Non-Hispanic",2023,9,12 month-ending,9/30/23,11,24938,,Rates for deaths counts <20 are unreliable.
1/7/24,United States,Race and Hispanic origin,"Asian, Non-Hispanic",2019,1,12 month-ending,1/31/19,33,239787,13.8,
1/7/24,United States,Race and Hispanic origin,"Asian, Non-Hispanic",2019,2,12 month-ending,2/28/19,30,239619,12.5,
1/7/24,United States,Race and Hispanic origin,"Asian, Non-Hispanic",2019,3,12 month-ending,3/31/19,30,239116,12.5,
1/7/24,United States,Race and Hispanic origin,"Asian, Non-Hispanic",2019,4,12 month-ending,4/30/19,33,239023,13.8,
1/7/24,United States,Race and Hispanic origin,"Asian, Non-Hispanic",2019,5,12 month-ending,5/31/19,33,238550,13.8,
1/7/24,United States,Race and Hispanic origin,"Asian, Non-Hispanic",2019,6,12 month-ending,6/30/19,36,238251,15.1,
1/7/24,United States,Race and Hispanic origin,"Asian, Non-Hispanic",2019,7,12 month-ending,7/31/19,42,238472,17.6,
1/7/24,United States,Race and Hispanic origin,"Asian, Non-Hispanic",2019,8,12 month-ending,8/31/19,40,238444,16.8,
1/7/24,United States,Race and Hispanic origin,"Asian, Non-Hispanic",2019,9,12 month-ending,9/30/19,37,238270,15.5,
1/7/24,United States,Race and Hispanic origin,"Asian, Non-Hispanic",2019,10,12 month-ending,10/31/19,39,238837,16.3,
1/7/24,United States,Race and Hispanic origin,"Asian, Non-Hispanic",2019,11,12 month-ending,11/30/19,36,238565,15.1,
1/7/24,United States,Race and Hispanic origin,"Asian, Non-Hispanic",2019,12,12 month-ending,12/31/19,33,238769,13.8,
1/7/24,United States,Race and Hispanic origin,"Asian, Non-Hispanic",2020,1,12 month-ending,1/31/20,32,238444,13.4,
1/7/24,United States,Race and Hispanic origin,"Asian, Non-Hispanic",2020,2,12 month-ending,2/29/20,30,238147,12.6,
1/7/24,United States,Race and Hispanic origin,"Asian, Non-Hispanic",2020,3,12 month-ending,3/31/20,27,237505,11.4,
1/7/24,United States,Race and Hispanic origin,"Asian, Non-Hispanic",2020,4,12 month-ending,4/30/20,25,236230,10.6,
1/7/24,United States,Race and Hispanic origin,"Asian, Non-Hispanic",2020,5,12 month-ending,5/31/20,30,234758,12.8,
1/7/24,United States,Race and Hispanic origin,"Asian, Non-Hispanic",2020,6,12 month-ending,6/30/20,30,233291,12.9,
1/7/24,United States,Race and Hispanic origin,"Asian, Non-Hispanic",2020,7,12 month-ending,7/31/20,26,231814,11.2,
1/7/24,United States,Race and Hispanic origin,"Asian, Non-Hispanic",2020,8,12 month-ending,8/31/20,27,229563,11.8,
1/7/24,United States,Race and Hispanic origin,"Asian, Non-Hispanic",2020,9,12 month-ending,9/30/20,28,227925,12.3,
1/7/24,United States,Race and Hispanic origin,"Asian, Non-Hispanic",2020,10,12 month-ending,10/31/20,28,225327,12.4,
1/7/24,United States,Race and Hispanic origin,"Asian, Non-Hispanic",2020,11,12 month-ending,11/30/20,29,222797,13,
1/7/24,United States,Race and Hispanic origin,"Asian, Non-Hispanic",2020,12,12 month-ending,12/31/20,27,219068,12.3,
1/7/24,United States,Race and Hispanic origin,"Asian, Non-Hispanic",2021,1,12 month-ending,1/31/21,29,215424,13.5,
1/7/24,United States,Race and Hispanic origin,"Asian, Non-Hispanic",2021,2,12 month-ending,2/28/21,30,213165,14.1,
1/7/24,United States,Race and Hispanic origin,"Asian, Non-Hispanic",2021,3,12 month-ending,3/31/21,31,211927,14.6,
1/7/24,United States,Race and Hispanic origin,"Asian, Non-Hispanic",2021,4,12 month-ending,4/30/21,30,211463,14.2,
1/7/24,United States,Race and Hispanic origin,"Asian, Non-Hispanic",2021,5,12 month-ending,5/31/21,28,210376,13.3,
1/7/24,United States,Race and Hispanic origin,"Asian, Non-Hispanic",2021,6,12 month-ending,6/30/21,27,210739,12.8,
1/7/24,United States,Race and Hispanic origin,"Asian, Non-Hispanic",2021,7,12 month-ending,7/31/21,25,210446,11.9,
1/7/24,United States,Race and Hispanic origin,"Asian, Non-Hispanic",2021,8,12 month-ending,8/31/21,28,210732,13.3,
1/7/24,United States,Race and Hispanic origin,"Asian, Non-Hispanic",2021,9,12 month-ending,9/30/21,30,210980,14.2,
1/7/24,United States,Race and Hispanic origin,"Asian, Non-Hispanic",2021,10,12 month-ending,10/31/21,30,211062,14.2,
1/7/24,United States,Race and Hispanic origin,"Asian, Non-Hispanic",2021,11,12 month-ending,11/30/21,28,211966,13.2,
1/7/24,United States,Race and Hispanic origin,"Asian, Non-Hispanic",2021,12,12 month-ending,12/31/21,36,213813,16.8,
1/7/24,United States,Race and Hispanic origin,"Asian, Non-Hispanic",2022,1,12 month-ending,1/31/22,41,215574,19,
1/7/24,United States,Race and Hispanic origin,"Asian, Non-Hispanic",2022,2,12 month-ending,2/28/22,42,216715,19.4,
1/7/24,United States,Race and Hispanic origin,"Asian, Non-Hispanic",2022,3,12 month-ending,3/31/22,43,217264,19.8,
1/7/24,United States,Race and Hispanic origin,"Asian, Non-Hispanic",2022,4,12 month-ending,4/30/22,43,217629,19.8,
1/7/24,United States,Race and Hispanic origin,"Asian, Non-Hispanic",2022,5,12 month-ending,5/31/22,42,218588,19.2,
1/7/24,United States,Race and Hispanic origin,"Asian, Non-Hispanic",2022,6,12 month-ending,6/30/22,39,218386,17.9,
1/7/24,United States,Race and Hispanic origin,"Asian, Non-Hispanic",2022,7,12 month-ending,7/31/22,39,218255,17.9,
1/7/24,United States,Race and Hispanic origin,"Asian, Non-Hispanic",2022,8,12 month-ending,8/31/22,36,218541,16.5,
1/7/24,United States,Race and Hispanic origin,"Asian, Non-Hispanic",2022,9,12 month-ending,9/30/22,34,218405,15.6,
1/7/24,United States,Race and Hispanic origin,"Asian, Non-Hispanic",2022,10,12 month-ending,10/31/22,34,218194,15.6,
1/7/24,United States,Race and Hispanic origin,"Asian, Non-Hispanic",2022,11,12 month-ending,11/30/22,35,218582,16,
1/7/24,United States,Race and Hispanic origin,"Asian, Non-Hispanic",2022,12,12 month-ending,12/31/22,29,218994,13.2,
1/7/24,United States,Race and Hispanic origin,"Asian, Non-Hispanic",2023,1,12 month-ending,1/31/23,23,219476,10.5,
1/7/24,United States,Race and Hispanic origin,"Asian, Non-Hispanic",2023,2,12 month-ending,2/28/23,22,218982,10,
1/7/24,United States,Race and Hispanic origin,"Asian, Non-Hispanic",2023,3,12 month-ending,3/31/23,20,218594,9.1,
1/7/24,United States,Race and Hispanic origin,"Asian, Non-Hispanic",2023,4,12 month-ending,4/30/23,23,217875,10.6,
1/7/24,United States,Race and Hispanic origin,"Asian, Non-Hispanic",2023,5,12 month-ending,5/31/23,21,217324,9.7,
1/7/24,United States,Race and Hispanic origin,"Asian, Non-Hispanic",2023,6,12 month-ending,6/30/23,22,217393,10.1,
1/7/24,United States,Race and Hispanic origin,"Asian, Non-Hispanic",2023,7,12 month-ending,7/31/23,24,216990,11.1,
1/7/24,United States,Race and Hispanic origin,"Asian, Non-Hispanic",2023,8,12 month-ending,8/31/23,23,216527,10.6,
1/7/24,United States,Race and Hispanic origin,"Asian, Non-Hispanic",2023,9,12 month-ending,9/30/23,21,216228,9.7,
1/7/24,United States,Race and Hispanic origin,"Black, Non-Hispanic",2019,1,12 month-ending,1/31/19,221,551756,40.1,
1/7/24,United States,Race and Hispanic origin,"Black, Non-Hispanic",2019,2,12 month-ending,2/28/19,221,550689,40.1,
1/7/24,United States,Race and Hispanic origin,"Black, Non-Hispanic",2019,3,12 month-ending,3/31/19,216,548352,39.4,
1/7/24,United States,Race and Hispanic origin,"Black, Non-Hispanic",2019,4,12 month-ending,4/30/19,210,548103,38.3,
1/7/24,United States,Race and Hispanic origin,"Black, Non-Hispanic",2019,5,12 month-ending,5/31/19,216,547589,39.4,
1/7/24,United States,Race and Hispanic origin,"Black, Non-Hispanic",2019,6,12 month-ending,6/30/19,224,545364,41.1,
1/7/24,United States,Race and Hispanic origin,"Black, Non-Hispanic",2019,7,12 month-ending,7/31/19,224,546548,41,
1/7/24,United States,Race and Hispanic origin,"Black, Non-Hispanic",2019,8,12 month-ending,8/31/19,232,546919,42.4,
1/7/24,United States,Race and Hispanic origin,"Black, Non-Hispanic",2019,9,12 month-ending,9/30/19,236,547830,43.1,
1/7/24,United States,Race and Hispanic origin,"Black, Non-Hispanic",2019,10,12 month-ending,10/31/19,235,547930,42.9,
1/7/24,United States,Race and Hispanic origin,"Black, Non-Hispanic",2019,11,12 month-ending,11/30/19,241,547528,44,
1/7/24,United States,Race and Hispanic origin,"Black, Non-Hispanic",2019,12,12 month-ending,12/31/19,241,548075,44,
1/7/24,United States,Race and Hispanic origin,"Black, Non-Hispanic",2020,1,12 month-ending,1/31/20,233,546945,42.6,
1/7/24,United States,Race and Hispanic origin,"Black, Non-Hispanic",2020,2,12 month-ending,2/29/20,229,547485,41.8,
1/7/24,United States,Race and Hispanic origin,"Black, Non-Hispanic",2020,3,12 month-ending,3/31/20,243,547493,44.4,
1/7/24,United States,Race and Hispanic origin,"Black, Non-Hispanic",2020,4,12 month-ending,4/30/20,262,546737,47.9,
1/7/24,United States,Race and Hispanic origin,"Black, Non-Hispanic",2020,5,12 month-ending,5/31/20,266,545152,48.8,
1/7/24,United States,Race and Hispanic origin,"Black, Non-Hispanic",2020,6,12 month-ending,6/30/20,264,545720,48.4,
1/7/24,United States,Race and Hispanic origin,"Black, Non-Hispanic",2020,7,12 month-ending,7/31/20,267,544025,49.1,
1/7/24,United States,Race and Hispanic origin,"Black, Non-Hispanic",2020,8,12 month-ending,8/31/20,262,540741,48.5,
1/7/24,United States,Race and Hispanic origin,"Black, Non-Hispanic",2020,9,12 month-ending,9/30/20,271,538342,50.3,
1/7/24,United States,Race and Hispanic origin,"Black, Non-Hispanic",2020,10,12 month-ending,10/31/20,280,535444,52.3,
1/7/24,United States,Race and Hispanic origin,"Black, Non-Hispanic",2020,11,12 month-ending,11/30/20,278,532744,52.2,
1/7/24,United States,Race and Hispanic origin,"Black, Non-Hispanic",2020,12,12 month-ending,12/31/20,293,529811,55.3,
1/7/24,United States,Race and Hispanic origin,"Black, Non-Hispanic",2021,1,12 month-ending,1/31/21,294,524803,56,
1/7/24,United States,Race and Hispanic origin,"Black, Non-Hispanic",2021,2,12 month-ending,2/28/21,300,521448,57.5,
1/7/24,United States,Race and Hispanic origin,"Black, Non-Hispanic",2021,3,12 month-ending,3/31/21,299,519918,57.5,
1/7/24,United States,Race and Hispanic origin,"Black, Non-Hispanic",2021,4,12 month-ending,4/30/21,296,518471,57.1,
1/7/24,United States,Race and Hispanic origin,"Black, Non-Hispanic",2021,5,12 month-ending,5/31/21,298,516581,57.7,
1/7/24,United States,Race and Hispanic origin,"Black, Non-Hispanic",2021,6,12 month-ending,6/30/21,302,516574,58.5,
1/7/24,United States,Race and Hispanic origin,"Black, Non-Hispanic",2021,7,12 month-ending,7/31/21,307,516192,59.5,
1/7/24,United States,Race and Hispanic origin,"Black, Non-Hispanic",2021,8,12 month-ending,8/31/21,329,515913,63.8,
1/7/24,United States,Race and Hispanic origin,"Black, Non-Hispanic",2021,9,12 month-ending,9/30/21,355,516778,68.7,
1/7/24,United States,Race and Hispanic origin,"Black, Non-Hispanic",2021,10,12 month-ending,10/31/21,363,516861,70.2,
1/7/24,United States,Race and Hispanic origin,"Black, Non-Hispanic",2021,11,12 month-ending,11/30/21,359,517117,69.4,
1/7/24,United States,Race and Hispanic origin,"Black, Non-Hispanic",2021,12,12 month-ending,12/31/21,362,517889,69.9,
1/7/24,United States,Race and Hispanic origin,"Black, Non-Hispanic",2022,1,12 month-ending,1/31/22,374,519334,72,
1/7/24,United States,Race and Hispanic origin,"Black, Non-Hispanic",2022,2,12 month-ending,2/28/22,378,519970,72.7,
1/7/24,United States,Race and Hispanic origin,"Black, Non-Hispanic",2022,3,12 month-ending,3/31/22,365,520923,70.1,
1/7/24,United States,Race and Hispanic origin,"Black, Non-Hispanic",2022,4,12 month-ending,4/30/22,356,520610,68.4,
1/7/24,United States,Race and Hispanic origin,"Black, Non-Hispanic",2022,5,12 month-ending,5/31/22,346,519449,66.6,
1/7/24,United States,Race and Hispanic origin,"Black, Non-Hispanic",2022,6,12 month-ending,6/30/22,340,517957,65.6,
1/7/24,United States,Race and Hispanic origin,"Black, Non-Hispanic",2022,7,12 month-ending,7/31/22,332,516469,64.3,
1/7/24,United States,Race and Hispanic origin,"Black, Non-Hispanic",2022,8,12 month-ending,8/31/22,307,516914,59.4,
1/7/24,United States,Race and Hispanic origin,"Black, Non-Hispanic",2022,9,12 month-ending,9/30/22,275,513223,53.6,
1/7/24,United States,Race and Hispanic origin,"Black, Non-Hispanic",2022,10,12 month-ending,10/31/22,265,510428,51.9,
1/7/24,United States,Race and Hispanic origin,"Black, Non-Hispanic",2022,11,12 month-ending,11/30/22,270,511342,52.8,
1/7/24,United States,Race and Hispanic origin,"Black, Non-Hispanic",2022,12,12 month-ending,12/31/22,253,511439,49.5,
1/7/24,United States,Race and Hispanic origin,"Black, Non-Hispanic",2023,1,12 month-ending,1/31/23,244,512170,47.6,
1/7/24,United States,Race and Hispanic origin,"Black, Non-Hispanic",2023,2,12 month-ending,2/28/23,247,511485,48.3,
1/7/24,United States,Race and Hispanic origin,"Black, Non-Hispanic",2023,3,12 month-ending,3/31/23,264,509661,51.8,
1/7/24,United States,Race and Hispanic origin,"Black, Non-Hispanic",2023,4,12 month-ending,4/30/23,271,507358,53.4,
1/7/24,United States,Race and Hispanic origin,"Black, Non-Hispanic",2023,5,12 month-ending,5/31/23,262,506906,51.7,
1/7/24,United States,Race and Hispanic origin,"Black, Non-Hispanic",2023,6,12 month-ending,6/30/23,261,505840,51.6,
1/7/24,United States,Race and Hispanic origin,"Black, Non-Hispanic",2023,7,12 month-ending,7/31/23,269,503333,53.4,
1/7/24,United States,Race and Hispanic origin,"Black, Non-Hispanic",2023,8,12 month-ending,8/31/23,258,499645,51.6,
1/7/24,United States,Race and Hispanic origin,"Black, Non-Hispanic",2023,9,12 month-ending,9/30/23,257,498393,51.6,
1/7/24,United States,Race and Hispanic origin,"Native Hawaiian or Other Pacific Islander, Non-Hispanic",2019,1,12 month-ending,1/31/19,,9476,,Data counts between 1-9 have been suppressed in accordance with NCHS confidentiality standards.
1/7/24,United States,Race and Hispanic origin,"Native Hawaiian or Other Pacific Islander, Non-Hispanic",2019,2,12 month-ending,2/28/19,,9552,,Data counts between 1-9 have been suppressed in accordance with NCHS confidentiality standards.
1/7/24,United States,Race and Hispanic origin,"Native Hawaiian or Other Pacific Islander, Non-Hispanic",2019,3,12 month-ending,3/31/19,,9556,,Data counts between 1-9 have been suppressed in accordance with NCHS confidentiality standards.
1/7/24,United States,Race and Hispanic origin,"Native Hawaiian or Other Pacific Islander, Non-Hispanic",2019,4,12 month-ending,4/30/19,,9508,,Data counts between 1-9 have been suppressed in accordance with NCHS confidentiality standards.
1/7/24,United States,Race and Hispanic origin,"Native Hawaiian or Other Pacific Islander, Non-Hispanic",2019,5,12 month-ending,5/31/19,,9559,,Data counts between 1-9 have been suppressed in accordance with NCHS confidentiality standards.
1/7/24,United States,Race and Hispanic origin,"Native Hawaiian or Other Pacific Islander, Non-Hispanic",2019,6,12 month-ending,6/30/19,,9524,,Data counts between 1-9 have been suppressed in accordance with NCHS confidentiality standards.
1/7/24,United States,Race and Hispanic origin,"Native Hawaiian or Other Pacific Islander, Non-Hispanic",2019,7,12 month-ending,7/31/19,,9564,,Data counts between 1-9 have been suppressed in accordance with NCHS confidentiality standards.
1/7/24,United States,Race and Hispanic origin,"Native Hawaiian or Other Pacific Islander, Non-Hispanic",2019,8,12 month-ending,8/31/19,,9613,,Data counts between 1-9 have been suppressed in accordance with NCHS confidentiality standards.
1/7/24,United States,Race and Hispanic origin,"Native Hawaiian or Other Pacific Islander, Non-Hispanic",2019,9,12 month-ending,9/30/19,,9623,,Data counts between 1-9 have been suppressed in accordance with NCHS confidentiality standards.
1/7/24,United States,Race and Hispanic origin,"Native Hawaiian or Other Pacific Islander, Non-Hispanic",2019,10,12 month-ending,10/31/19,,9681,,Data counts between 1-9 have been suppressed in accordance with NCHS confidentiality standards.
1/7/24,United States,Race and Hispanic origin,"Native Hawaiian or Other Pacific Islander, Non-Hispanic",2019,11,12 month-ending,11/30/19,,9672,,Data counts between 1-9 have been suppressed in accordance with NCHS confidentiality standards.
1/7/24,United States,Race and Hispanic origin,"Native Hawaiian or Other Pacific Islander, Non-Hispanic",2019,12,12 month-ending,12/31/19,,9770,,Data counts between 1-9 have been suppressed in accordance with NCHS confidentiality standards.
1/7/24,United States,Race and Hispanic origin,"Native Hawaiian or Other Pacific Islander, Non-Hispanic",2020,1,12 month-ending,1/31/20,,9783,,Data counts between 1-9 have been suppressed in accordance with NCHS confidentiality standards.
1/7/24,United States,Race and Hispanic origin,"Native Hawaiian or Other Pacific Islander, Non-Hispanic",2020,2,12 month-ending,2/29/20,,9807,,Data counts between 1-9 have been suppressed in accordance with NCHS confidentiality standards.
1/7/24,United States,Race and Hispanic origin,"Native Hawaiian or Other Pacific Islander, Non-Hispanic",2020,3,12 month-ending,3/31/20,,9787,,Data counts between 1-9 have been suppressed in accordance with NCHS confidentiality standards.
1/7/24,United States,Race and Hispanic origin,"Native Hawaiian or Other Pacific Islander, Non-Hispanic",2020,4,12 month-ending,4/30/20,,9754,,Data counts between 1-9 have been suppressed in accordance with NCHS confidentiality standards.
1/7/24,United States,Race and Hispanic origin,"Native Hawaiian or Other Pacific Islander, Non-Hispanic",2020,5,12 month-ending,5/31/20,,9727,,Data counts between 1-9 have been suppressed in accordance with NCHS confidentiality standards.
1/7/24,United States,Race and Hispanic origin,"Native Hawaiian or Other Pacific Islander, Non-Hispanic",2020,6,12 month-ending,6/30/20,,9740,,Data counts between 1-9 have been suppressed in accordance with NCHS confidentiality standards.
1/7/24,United States,Race and Hispanic origin,"Native Hawaiian or Other Pacific Islander, Non-Hispanic",2020,7,12 month-ending,7/31/20,,9735,,Data counts between 1-9 have been suppressed in accordance with NCHS confidentiality standards.
1/7/24,United States,Race and Hispanic origin,"Native Hawaiian or Other Pacific Islander, Non-Hispanic",2020,8,12 month-ending,8/31/20,,9698,,Data counts between 1-9 have been suppressed in accordance with NCHS confidentiality standards.
1/7/24,United States,Race and Hispanic origin,"Native Hawaiian or Other Pacific Islander, Non-Hispanic",2020,9,12 month-ending,9/30/20,,9681,,Data counts between 1-9 have been suppressed in accordance with NCHS confidentiality standards.
1/7/24,United States,Race and Hispanic origin,"Native Hawaiian or Other Pacific Islander, Non-Hispanic",2020,10,12 month-ending,10/31/20,,9653,,Data counts between 1-9 have been suppressed in accordance with NCHS confidentiality standards.
1/7/24,United States,Race and Hispanic origin,"Native Hawaiian or Other Pacific Islander, Non-Hispanic",2020,11,12 month-ending,11/30/20,,9681,,Data counts between 1-9 have been suppressed in accordance with NCHS confidentiality standards.
1/7/24,United States,Race and Hispanic origin,"Native Hawaiian or Other Pacific Islander, Non-Hispanic",2020,12,12 month-ending,12/31/20,,9626,,Data counts between 1-9 have been suppressed in accordance with NCHS confidentiality standards.
1/7/24,United States,Race and Hispanic origin,"Native Hawaiian or Other Pacific Islander, Non-Hispanic",2021,1,12 month-ending,1/31/21,,9622,,Data counts between 1-9 have been suppressed in accordance with NCHS confidentiality standards.
1/7/24,United States,Race and Hispanic origin,"Native Hawaiian or Other Pacific Islander, Non-Hispanic",2021,2,12 month-ending,2/28/21,,9453,,Data counts between 1-9 have been suppressed in accordance with NCHS confidentiality standards.
1/7/24,United States,Race and Hispanic origin,"Native Hawaiian or Other Pacific Islander, Non-Hispanic",2021,3,12 month-ending,3/31/21,,9411,,Data counts between 1-9 have been suppressed in accordance with NCHS confidentiality standards.
1/7/24,United States,Race and Hispanic origin,"Native Hawaiian or Other Pacific Islander, Non-Hispanic",2021,4,12 month-ending,4/30/21,,9439,,Data counts between 1-9 have been suppressed in accordance with NCHS confidentiality standards.
1/7/24,United States,Race and Hispanic origin,"Native Hawaiian or Other Pacific Islander, Non-Hispanic",2021,5,12 month-ending,5/31/21,,9437,,Data counts between 1-9 have been suppressed in accordance with NCHS confidentiality standards.
1/7/24,United States,Race and Hispanic origin,"Native Hawaiian or Other Pacific Islander, Non-Hispanic",2021,6,12 month-ending,6/30/21,,9413,,Data counts between 1-9 have been suppressed in accordance with NCHS confidentiality standards.
1/7/24,United States,Race and Hispanic origin,"Native Hawaiian or Other Pacific Islander, Non-Hispanic",2021,7,12 month-ending,7/31/21,,9418,,Data counts between 1-9 have been suppressed in accordance with NCHS confidentiality standards.
1/7/24,United States,Race and Hispanic origin,"Native Hawaiian or Other Pacific Islander, Non-Hispanic",2021,8,12 month-ending,8/31/21,,9434,,Data counts between 1-9 have been suppressed in accordance with NCHS confidentiality standards.
1/7/24,United States,Race and Hispanic origin,"Native Hawaiian or Other Pacific Islander, Non-Hispanic",2021,9,12 month-ending,9/30/21,,9487,,Data counts between 1-9 have been suppressed in accordance with NCHS confidentiality standards.
1/7/24,United States,Race and Hispanic origin,"Native Hawaiian or Other Pacific Islander, Non-Hispanic",2021,10,12 month-ending,10/31/21,,9515,,Data counts between 1-9 have been suppressed in accordance with NCHS confidentiality standards.
1/7/24,United States,Race and Hispanic origin,"Native Hawaiian or Other Pacific Islander, Non-Hispanic",2021,11,12 month-ending,11/30/21,,9491,,Data counts between 1-9 have been suppressed in accordance with NCHS confidentiality standards.
1/7/24,United States,Race and Hispanic origin,"Native Hawaiian or Other Pacific Islander, Non-Hispanic",2021,12,12 month-ending,12/31/21,,9531,,Data counts between 1-9 have been suppressed in accordance with NCHS confidentiality standards.
1/7/24,United States,Race and Hispanic origin,"Native Hawaiian or Other Pacific Islander, Non-Hispanic",2022,1,12 month-ending,1/31/22,,9583,,Data counts between 1-9 have been suppressed in accordance with NCHS confidentiality standards.
1/7/24,United States,Race and Hispanic origin,"Native Hawaiian or Other Pacific Islander, Non-Hispanic",2022,2,12 month-ending,2/28/22,,9710,,Data counts between 1-9 have been suppressed in accordance with NCHS confidentiality standards.
1/7/24,United States,Race and Hispanic origin,"Native Hawaiian or Other Pacific Islander, Non-Hispanic",2022,3,12 month-ending,3/31/22,,9799,,Data counts between 1-9 have been suppressed in accordance with NCHS confidentiality standards.
1/7/24,United States,Race and Hispanic origin,"Native Hawaiian or Other Pacific Islander, Non-Hispanic",2022,4,12 month-ending,4/30/22,,9835,,Data counts between 1-9 have been suppressed in accordance with NCHS confidentiality standards.
1/7/24,United States,Race and Hispanic origin,"Native Hawaiian or Other Pacific Islander, Non-Hispanic",2022,5,12 month-ending,5/31/22,,9834,,Data counts between 1-9 have been suppressed in accordance with NCHS confidentiality standards.
1/7/24,United States,Race and Hispanic origin,"Native Hawaiian or Other Pacific Islander, Non-Hispanic",2022,6,12 month-ending,6/30/22,,10023,,Data counts between 1-9 have been suppressed in accordance with NCHS confidentiality standards.
1/7/24,United States,Race and Hispanic origin,"Native Hawaiian or Other Pacific Islander, Non-Hispanic",2022,7,12 month-ending,7/31/22,,10053,,Data counts between 1-9 have been suppressed in accordance with NCHS confidentiality standards.
1/7/24,United States,Race and Hispanic origin,"Native Hawaiian or Other Pacific Islander, Non-Hispanic",2022,8,12 month-ending,8/31/22,,10067,,Data counts between 1-9 have been suppressed in accordance with NCHS confidentiality standards.
1/7/24,United States,Race and Hispanic origin,"Native Hawaiian or Other Pacific Islander, Non-Hispanic",2022,9,12 month-ending,9/30/22,,10071,,Data counts between 1-9 have been suppressed in accordance with NCHS confidentiality standards.
1/7/24,United States,Race and Hispanic origin,"Native Hawaiian or Other Pacific Islander, Non-Hispanic",2022,10,12 month-ending,10/31/22,,10016,,Data counts between 1-9 have been suppressed in accordance with NCHS confidentiality standards.
1/7/24,United States,Race and Hispanic origin,"Native Hawaiian or Other Pacific Islander, Non-Hispanic",2022,11,12 month-ending,11/30/22,,10034,,Data counts between 1-9 have been suppressed in accordance with NCHS confidentiality standards.
1/7/24,United States,Race and Hispanic origin,"Native Hawaiian or Other Pacific Islander, Non-Hispanic",2022,12,12 month-ending,12/31/22,,10122,,Data counts between 1-9 have been suppressed in accordance with NCHS confidentiality standards.
1/7/24,United States,Race and Hispanic origin,"Native Hawaiian or Other Pacific Islander, Non-Hispanic",2023,1,12 month-ending,1/31/23,,10068,,Data counts between 1-9 have been suppressed in accordance with NCHS confidentiality standards.
1/7/24,United States,Race and Hispanic origin,"Native Hawaiian or Other Pacific Islander, Non-Hispanic",2023,2,12 month-ending,2/28/23,,10111,,Data counts between 1-9 have been suppressed in accordance with NCHS confidentiality standards.
1/7/24,United States,Race and Hispanic origin,"Native Hawaiian or Other Pacific Islander, Non-Hispanic",2023,3,12 month-ending,3/31/23,,10166,,Data counts between 1-9 have been suppressed in accordance with NCHS confidentiality standards.
1/7/24,United States,Race and Hispanic origin,"Native Hawaiian or Other Pacific Islander, Non-Hispanic",2023,4,12 month-ending,4/30/23,,10176,,Data counts between 1-9 have been suppressed in accordance with NCHS confidentiality standards.
1/7/24,United States,Race and Hispanic origin,"Native Hawaiian or Other Pacific Islander, Non-Hispanic",2023,5,12 month-ending,5/31/23,,10163,,Data counts between 1-9 have been suppressed in accordance with NCHS confidentiality standards.
1/7/24,United States,Race and Hispanic origin,"Native Hawaiian or Other Pacific Islander, Non-Hispanic",2023,6,12 month-ending,6/30/23,,10137,,Data counts between 1-9 have been suppressed in accordance with NCHS confidentiality standards.
1/7/24,United States,Race and Hispanic origin,"Native Hawaiian or Other Pacific Islander, Non-Hispanic",2023,7,12 month-ending,7/31/23,,10102,,Data counts between 1-9 have been suppressed in accordance with NCHS confidentiality standards.
1/7/24,United States,Race and Hispanic origin,"Native Hawaiian or Other Pacific Islander, Non-Hispanic",2023,8,12 month-ending,8/31/23,,10146,,Data counts between 1-9 have been suppressed in accordance with NCHS confidentiality standards.
1/7/24,United States,Race and Hispanic origin,"Native Hawaiian or Other Pacific Islander, Non-Hispanic",2023,9,12 month-ending,9/30/23,,10134,,Data counts between 1-9 have been suppressed in accordance with NCHS confidentiality standards.
1/7/24,United States,Race and Hispanic origin,"White, Non-Hispanic",2019,1,12 month-ending,1/31/19,292,1953909,14.9,
1/7/24,United States,Race and Hispanic origin,"White, Non-Hispanic",2019,2,12 month-ending,2/28/19,287,1950995,14.7,
1/7/24,United States,Race and Hispanic origin,"White, Non-Hispanic",2019,3,12 month-ending,3/31/19,299,1943613,15.4,
1/7/24,United States,Race and Hispanic origin,"White, Non-Hispanic",2019,4,12 month-ending,4/30/19,306,1942823,15.8,
1/7/24,United States,Race and Hispanic origin,"White, Non-Hispanic",2019,5,12 month-ending,5/31/19,328,1939436,16.9,
1/7/24,United States,Race and Hispanic origin,"White, Non-Hispanic",2019,6,12 month-ending,6/30/19,331,1932907,17.1,
1/7/24,United States,Race and Hispanic origin,"White, Non-Hispanic",2019,7,12 month-ending,7/31/19,330,1934415,17.1,
1/7/24,United States,Race and Hispanic origin,"White, Non-Hispanic",2019,8,12 month-ending,8/31/19,323,1930331,16.7,
1/7/24,United States,Race and Hispanic origin,"White, Non-Hispanic",2019,9,12 month-ending,9/30/19,330,1930195,17.1,
1/7/24,United States,Race and Hispanic origin,"White, Non-Hispanic",2019,10,12 month-ending,10/31/19,335,1926894,17.4,
1/7/24,United States,Race and Hispanic origin,"White, Non-Hispanic",2019,11,12 month-ending,11/30/19,338,1919129,17.6,
1/7/24,United States,Race and Hispanic origin,"White, Non-Hispanic",2019,12,12 month-ending,12/31/19,343,1915912,17.9,
1/7/24,United States,Race and Hispanic origin,"White, Non-Hispanic",2020,1,12 month-ending,1/31/20,340,1911612,17.8,
1/7/24,United States,Race and Hispanic origin,"White, Non-Hispanic",2020,2,12 month-ending,2/29/20,345,1912332,18,
1/7/24,United States,Race and Hispanic origin,"White, Non-Hispanic",2020,3,12 month-ending,3/31/20,341,1910811,17.8,
1/7/24,United States,Race and Hispanic origin,"White, Non-Hispanic",2020,4,12 month-ending,4/30/20,333,1905248,17.5,
1/7/24,United States,Race and Hispanic origin,"White, Non-Hispanic",2020,5,12 month-ending,5/31/20,326,1896549,17.2,
1/7/24,United States,Race and Hispanic origin,"White, Non-Hispanic",2020,6,12 month-ending,6/30/20,329,1895157,17.4,
1/7/24,United States,Race and Hispanic origin,"White, Non-Hispanic",2020,7,12 month-ending,7/31/20,334,1888232,17.7,
1/7/24,United States,Race and Hispanic origin,"White, Non-Hispanic",2020,8,12 month-ending,8/31/20,344,1876546,18.3,
1/7/24,United States,Race and Hispanic origin,"White, Non-Hispanic",2020,9,12 month-ending,9/30/20,354,1869333,18.9,
1/7/24,United States,Race and Hispanic origin,"White, Non-Hispanic",2020,10,12 month-ending,10/31/20,352,1858695,18.9,
1/7/24,United States,Race and Hispanic origin,"White, Non-Hispanic",2020,11,12 month-ending,11/30/20,350,1850484,18.9,
1/7/24,United States,Race and Hispanic origin,"White, Non-Hispanic",2020,12,12 month-ending,12/31/20,352,1843432,19.1,
1/7/24,United States,Race and Hispanic origin,"White, Non-Hispanic",2021,1,12 month-ending,1/31/21,357,1833129,19.5,
1/7/24,United States,Race and Hispanic origin,"White, Non-Hispanic",2021,2,12 month-ending,2/28/21,352,1828421,19.3,
1/7/24,United States,Race and Hispanic origin,"White, Non-Hispanic",2021,3,12 month-ending,3/31/21,343,1831864,18.7,
1/7/24,United States,Race and Hispanic origin,"White, Non-Hispanic",2021,4,12 month-ending,4/30/21,362,1835313,19.7,
1/7/24,United States,Race and Hispanic origin,"White, Non-Hispanic",2021,5,12 month-ending,5/31/21,369,1836353,20.1,
1/7/24,United States,Race and Hispanic origin,"White, Non-Hispanic",2021,6,12 month-ending,6/30/21,367,1844316,19.9,
1/7/24,United States,Race and Hispanic origin,"White, Non-Hispanic",2021,7,12 month-ending,7/31/21,369,1847420,20,
1/7/24,United States,Race and Hispanic origin,"White, Non-Hispanic",2021,8,12 month-ending,8/31/21,395,1854625,21.3,
1/7/24,United States,Race and Hispanic origin,"White, Non-Hispanic",2021,9,12 month-ending,9/30/21,438,1862046,23.5,
1/7/24,United States,Race and Hispanic origin,"White, Non-Hispanic",2021,10,12 month-ending,10/31/21,461,1867727,24.7,
1/7/24,United States,Race and Hispanic origin,"White, Non-Hispanic",2021,11,12 month-ending,11/30/21,470,1879198,25,
1/7/24,United States,Race and Hispanic origin,"White, Non-Hispanic",2021,12,12 month-ending,12/31/21,503,1887656,26.6,
1/7/24,United States,Race and Hispanic origin,"White, Non-Hispanic",2022,1,12 month-ending,1/31/22,517,1890702,27.3,
1/7/24,United States,Race and Hispanic origin,"White, Non-Hispanic",2022,2,12 month-ending,2/28/22,529,1890441,28,
1/7/24,United States,Race and Hispanic origin,"White, Non-Hispanic",2022,3,12 month-ending,3/31/22,528,1887134,28,
1/7/24,United States,Race and Hispanic origin,"White, Non-Hispanic",2022,4,12 month-ending,4/30/22,508,1880430,27,
1/7/24,United States,Race and Hispanic origin,"White, Non-Hispanic",2022,5,12 month-ending,5/31/22,494,1874466,26.4,
1/7/24,United States,Race and Hispanic origin,"White, Non-Hispanic",2022,6,12 month-ending,6/30/22,506,1865433,27.1,
1/7/24,United States,Race and Hispanic origin,"White, Non-Hispanic",2022,7,12 month-ending,7/31/22,504,1858773,27.1,
1/7/24,United States,Race and Hispanic origin,"White, Non-Hispanic",2022,8,12 month-ending,8/31/22,468,1857597,25.2,
1/7/24,United States,Race and Hispanic origin,"White, Non-Hispanic",2022,9,12 month-ending,9/30/22,411,1848206,22.2,
1/7/24,United States,Race and Hispanic origin,"White, Non-Hispanic",2022,10,12 month-ending,10/31/22,392,1841746,21.3,
1/7/24,United States,Race and Hispanic origin,"White, Non-Hispanic",2022,11,12 month-ending,11/30/22,380,1841035,20.6,
1/7/24,United States,Race and Hispanic origin,"White, Non-Hispanic",2022,12,12 month-ending,12/31/22,350,1840739,19,
1/7/24,United States,Race and Hispanic origin,"White, Non-Hispanic",2023,1,12 month-ending,1/31/23,331,1841648,18,
1/7/24,United States,Race and Hispanic origin,"White, Non-Hispanic",2023,2,12 month-ending,2/28/23,322,1837057,17.5,
1/7/24,United States,Race and Hispanic origin,"White, Non-Hispanic",2023,3,12 month-ending,3/31/23,316,1831254,17.3,
1/7/24,United States,Race and Hispanic origin,"White, Non-Hispanic",2023,4,12 month-ending,4/30/23,310,1824254,17,
1/7/24,United States,Race and Hispanic origin,"White, Non-Hispanic",2023,5,12 month-ending,5/31/23,309,1823992,16.9,
1/7/24,United States,Race and Hispanic origin,"White, Non-Hispanic",2023,6,12 month-ending,6/30/23,296,1821388,16.3,
1/7/24,United States,Race and Hispanic origin,"White, Non-Hispanic",2023,7,12 month-ending,7/31/23,287,1815013,15.8,
1/7/24,United States,Race and Hispanic origin,"White, Non-Hispanic",2023,8,12 month-ending,8/31/23,286,1806212,15.8,
1/7/24,United States,Race and Hispanic origin,"White, Non-Hispanic",2023,9,12 month-ending,9/30/23,295,1799211,16.4,